{
    "loss": 18.79170036315918,
    "accuracy": 0.5467625856399536
}